PCN1,PCN2,PCN3,PCN4,PCN5,L1,L2,L3,L4,L5,Droop1,Droop2,Droop3,Droop4,Droop5,Voltage_Response1,Voltage_Response2,Voltage_Response3,Voltage_Response4,Voltage_Response5
900,800,1000,750,640,75,75,75,75,75,0.124531028,0.162550322,0.09770806,0.187756875,0.266336726,18.06778628,12.30388214,25.58642562,9.98631872,6.007432867
894,655,796,648,564,6,97,22,47,37,0.038239319,1.097772997,0.050208005,0.092969264,0.115785072,58.4476941,1.491656293,39.63511403,17.42511378,12.17773561
649,569,975,744,879,63,86,82,98,61,0.178381906,0.537437949,0.12727863,1.91718574,0.087569518,9.095653481,2.646817188,19.15089756,0.97017204,25.09434853
580,909,780,618,948,18,0,46,3,20,0.086960351,0.03224356,0.051995554,0.075108983,0.02891804,16.67426565,70.47918991,37.50320652,20.57010956,81.95576198
962,975,518,599,693,45,44,70,23,10,0.039134806,0.037587072,0.239753221,0.099779262,0.070906283,61.45424648,64.84942415,5.401387278,15.00812871,24.43365981
792,792,956,966,722,79,95,9,87,92,0.193050968,0.727965563,0.053476195,0.187159994,0.571590954,10.25635883,2.719908881,44.69278327,12.90339859,3.157852632
753,582,702,538,706,7,7,15,89,92,0.051582335,0.090501533,0.060392784,0.456805349,0.325183273,36.49505169,16.07707573,29.05976333,2.944361321,5.427708459
561,586,740,633,992,74,78,48,4,94,0.259458654,0.270817452,0.085446666,0.098559585,0.25772448,5.405485524,5.409547972,21.65093244,16.05627697,9.622679221
876,789,750,565,520,62,39,79,94,98,0.076157938,0.072972952,0.173003978,1.03672813,3.646545229,28.75603065,27.03056334,10.83790105,1.362459413,0.356501817
635,918,650,793,683,93,62,96,44,38,0.69768112,0.069306186,1.135933088,0.076242015,0.100785859,2.27539481,33.11392722,1.430542007,26.00272287,16.94186084
620,840,750,569,718,59,16,17,2,24,0.099129481,0.036254246,0.046958121,0.086122492,0.052600175,15.6361153,57.92424921,39.92919547,16.51717189,34.12536163
609,765,811,529,650,16,65,12,43,85,0.08779884,0.081246721,0.046553297,0.137418349,0.238117895,17.34077582,23.53941166,43.55223224,9.623896749,6.824350609
683,603,736,862,885,46,12,25,82,69,0.098015772,0.107535458,0.072159129,0.129922599,0.078453891,17.42066567,14.01863191,25.49919915,16.58679876,28.20127811
521,885,542,927,789,23,8,18,50,86,0.132369841,0.040635547,0.119753918,0.043912404,0.170955892,9.839854677,54.44740227,11.3148699,52.77552099,11.53806384
966,755,826,516,931,15,95,27,92,10,0.038105839,0.575588085,0.05570066,0.872425634,0.04128192,63.37611454,3.279254815,37.07316953,1.478636057,56.38061454
676,853,953,678,705,48,23,42,1,62,0.091468088,0.046142729,0.039418467,0.075210292,0.101615442,18.47638934,46.21529906,60.44121436,22.53680917,17.34480478
589,560,716,743,706,38,79,50,89,9,0.111068823,0.267194912,0.080475399,0.247277699,0.067362207,13.25754576,5.239620723,22.24282224,7.511797492,26.20163551
937,802,706,784,691,29,99,66,26,34,0.045047125,2.595951885,0.129776337,0.066188393,0.090962092,52.00109942,0.77235638,13.60032227,29.61244291,18.99142779
774,763,915,630,778,4,77,80,80,0,0.063363332,0.142140205,0.104175603,0.247464438,0.062956947,30.53816665,13.41984842,21.95811625,6.364550862,30.89412819
994,717,826,748,914,39,11,7,10,25,0.032344911,0.0619293,0.045362535,0.056420359,0.036868829,76.82816004,28.94429627,45.52214741,33.14406423,61.9764727
799,576,802,920,920,79,38,90,19,47,0.15427062,0.147802346,0.296984279,0.04857115,0.057057598,12.948026,9.742741174,6.751199118,47.35321292,40.31014388
681,717,647,774,659,23,53,16,22,47,0.064855095,0.071741145,0.071455172,0.048551546,0.081256766,26.25082894,24.98566195,22.63656992,39.8545499,20.27523464
647,993,757,718,708,83,6,68,95,23,0.273269573,0.037257578,0.113311889,0.674727103,0.080070012,5.919063663,66.63074109,16.70168966,2.660334809,22.10565436
982,617,630,976,865,91,18,54,17,85,0.208268418,0.117946939,0.147827203,0.043488156,0.176586467,11.78767298,13.07791464,10.65433135,56.10723124,12.2461253
510,685,608,608,839,49,59,63,90,69,0.184895895,0.111017539,0.155776154,0.476110665,0.085082257,6.895772359,15.42549056,9.757591004,3.192535078,24.6526136
989,858,641,709,535,69,91,32,29,48,0.063706774,0.259982493,0.105946688,0.08370967,0.179304402,38.81062918,8.250555563,15.12553178,21.1743756,7.459381853
981,994,878,732,994,13,31,35,55,83,0.044152227,0.045108664,0.060880877,0.111233626,0.118153204,55.54646214,55.08919553,36.05401412,16.45185966,21.03201539
814,532,908,940,631,5,9,53,20,75,0.048150412,0.120778087,0.046849027,0.03507705,0.171842732,42.26339765,11.0119313,48.45351384,66.99537067,9.179905262
885,939,942,705,949,76,55,58,51,2,0.116087793,0.06373033,0.066128683,0.114782213,0.047716477,19.05885136,36.83489478,35.61238302,15.35516659,49.72077052
758,683,746,521,727,15,46,87,50,99,0.064240634,0.095437586,0.23648174,0.180686159,3.003462222,29.49846348,17.89127407,7.886444005,7.208631855,0.605134963
647,780,675,892,940,90,34,72,80,43,0.507293609,0.077664061,0.186312815,0.130580123,0.054773104,3.188488819,25.10813854,9.05734797,17.07763744,42.90426886
898,937,571,961,975,41,80,19,52,14,0.05650539,0.109720883,0.134947055,0.054041494,0.041946489,39.73072302,21.3496276,10.5782227,44.45657974,58.10975033
794,737,644,567,713,45,65,94,66,10,0.064774223,0.102217371,0.658819944,0.188478898,0.070374755,30.64490635,18.02531193,2.4437633,7.520735808,25.3286848
552,772,755,663,711,12,44,72,26,41,0.108336136,0.059833429,0.099534042,0.075324631,0.070366485,12.73813204,32.25621562,18.96336136,22.00475441,25.26060539
745,907,661,766,924,89,52,9,4,6,0.254319869,0.049264203,0.079727813,0.057997498,0.038311444,7.323454531,46.02733567,20.72676939,33.01866556,60.29529957
607,957,777,610,832,8,89,64,13,56,0.107277131,0.159349357,0.096735843,0.106644648,0.072183742,14.14560572,15.01418048,20.08045759,14.29982684,28.81535307
799,897,548,601,565,81,82,80,37,89,0.162357823,0.129641733,0.363325104,0.13012673,0.582145091,12.30307209,17.29767067,3.770727606,11.54643631,2.426371058
800,721,734,645,636,64,37,6,24,2,0.064062021,0.059392474,0.052582816,0.071579129,0.072220442,31.21974565,30.34896321,34.89733212,22.52751626,22.01592718
627,850,752,623,509,1,2,1,84,5,0.062283189,0.031504153,0.041645405,0.181025609,0.097566429,25.16730493,67.45142468,45.14303545,8.603755067,13.04239593
781,566,558,986,980,95,29,88,43,61,0.627350265,0.14830342,0.583943939,0.048197458,0.061157264,3.112296447,9.541249973,2.388927954,51.14377644,40.06065422
617,895,908,546,819,50,45,24,48,54,0.120828895,0.049529685,0.042420662,0.154296508,0.067177648,12.76598617,45.17492869,53.51165866,8.846603315,30.47888779
763,606,868,879,721,22,90,97,34,97,0.077395426,0.589674662,0.825511567,0.059908143,1.270469202,24.64615944,2.569213328,2.628673039,36.68115725,1.418767175
630,821,911,822,901,30,65,4,82,99,0.120554262,0.101141521,0.051341751,0.172886443,2.225746455,13.06465633,20.29334717,44.35960859,11.88641492,1.012020033
550,586,547,819,831,58,89,87,84,75,0.201065949,0.538867651,0.538123651,0.178782907,0.11823914,6.838552272,2.718663847,2.541237497,11.45243713,17.57032396
562,712,717,955,602,85,84,19,23,34,0.364287102,0.199978621,0.067332001,0.035760272,0.105218695,3.856848057,8.90095148,26.6218139,66.76403309,14.30354179
910,820,972,687,825,32,2,13,86,29,0.043453175,0.052153291,0.035610356,0.258096254,0.053471193,52.35520819,39.30720321,68.23857676,6.654494099,38.5721707
577,633,931,512,856,80,28,28,31,1,0.223005893,0.077053175,0.032012145,0.124531861,0.038275934,6.468438922,20.53776508,72.70678016,10.27849412,55.90980529
927,502,515,685,814,33,57,71,48,73,0.041513318,0.207167361,0.262505637,0.092744262,0.098308846,55.82545879,6.057904068,4.904656578,18.4647541,20.70007016
986,727,709,960,589,80,69,76,92,39,0.115981661,0.162180378,0.210779823,0.282938471,0.163674173,21.25335999,11.20665782,8.409248912,8.482409602,8.99653238
828,507,673,972,649,37,3,30,37,78,0.050110238,0.133655061,0.076746906,0.034515595,0.178804065,41.30892355,9.483367067,21.92270786,70.40295828,9.07417847
734,630,937,536,718,71,16,97,61,92,0.142116536,0.108861756,0.6420339,0.227612068,0.467219739,12.91193872,14.46789077,3.648561235,5.887209808,3.841875355
885,642,785,698,508,36,36,23,36,93,0.04235479,0.087544189,0.052598772,0.072684384,0.87722483,52.23730281,18.33359845,37.31075666,24.00790799,1.447747438
997,901,966,852,862,65,5,73,57,24,0.067385392,0.054415464,0.088283422,0.083763433,0.061576083,36.98872877,41.39448317,27.35507923,25.4287573,34.99735425
582,931,691,528,587,69,93,76,88,29,0.211876207,0.266261421,0.177318391,0.596681686,0.124800483,6.867217506,8.741409081,9.742362237,2.212234818,11.75876864
935,543,922,991,714,78,12,89,53,21,0.107504233,0.154918636,0.204799537,0.053745143,0.088300418,21.74332982,8.762664279,11.25490827,46.09718852,20.21507992
689,814,704,802,692,74,58,42,26,21,0.147941244,0.070734149,0.081588068,0.055392301,0.075481425,11.64313583,28.76969644,21.57178191,36.19636591,22.91954602
957,745,596,541,673,3,50,74,39,40,0.032086417,0.068115877,0.180263517,0.125492659,0.078041716,74.5642622,27.34311121,8.265676942,10.77752289,21.55898275
922,630,878,972,773,79,11,85,37,41,0.115232697,0.112733523,0.173076568,0.048189282,0.082825516,20.00300306,13.97099962,12.68224827,50.42615118,23.33218187
546,696,540,549,750,38,60,56,45,25,0.11119763,0.082556187,0.138290356,0.116636961,0.051102021,12.27544147,21.07655472,9.762069036,11.76728195,36.69130803
887,782,688,782,875,31,50,22,60,55,0.049929081,0.077233959,0.084334529,0.088972831,0.063694518,44.41299411,25.31269965,20.39496764,21.97299974,34.34361467
663,793,811,639,633,4,27,74,64,77,0.080764686,0.056586994,0.100379625,0.135539469,0.196878902,20.5225834,35.034552,20.19832206,11.78623478,8.037935948
991,956,961,708,793,87,47,83,76,29,0.178526553,0.064792762,0.150931709,0.223793964,0.085309467,13.87748744,36.88683598,15.91779494,7.909060513,23.23892137
516,816,794,987,586,38,24,65,0,10,0.130333256,0.043728652,0.069215941,0.028358935,0.08882702,9.897704067,46.65133545,28.67836482,87.00961586,16.49272928
717,824,701,829,833,40,33,3,37,61,0.075685143,0.052860439,0.070938229,0.053408206,0.06912299,23.68364431,38.97054279,24.70459207,38.80489824,30.1274581
696,768,833,875,692,89,44,26,24,11,0.303688883,0.067663585,0.050407829,0.044825501,0.073478418,5.729547898,28.37567652,41.31302681,48.80034677,23.54432847
682,868,976,711,910,35,42,42,43,54,0.094804928,0.058496719,0.044765224,0.092116262,0.05966536,17.98429723,37.09609762,54.50659629,19.29626725,38.12932695
894,619,701,590,902,80,16,20,51,5,0.089780375,0.087339246,0.06713755,0.121501741,0.038033139,24.89408171,17.71826601,26.10312716,12.1397437,59.29039876
644,938,682,885,584,40,62,59,50,38,0.105298705,0.058893496,0.116315145,0.056834785,0.128251242,15.28983669,39.81763939,14.65845228,38.92862477,11.38390532
548,564,989,728,688,16,41,72,28,64,0.120151076,0.128208205,0.057184368,0.06730287,0.112204419,11.40231157,10.99773609,43.23734057,27.0419375,15.32916449
531,979,547,879,525,82,24,60,2,43,0.30789579,0.029401328,0.152144852,0.037512439,0.133899168,4.311523714,83.24453932,8.988145068,58.58056847,9.802151985
838,556,721,941,880,51,78,36,16,2,0.057764999,0.265196543,0.071105784,0.036313529,0.042375011,36.26763677,5.24139562,25.34955512,64.78301801,51.91739052
712,874,740,880,732,12,77,38,49,69,0.079224081,0.108642457,0.080790944,0.060511677,0.128892725,22.46791598,20.11184267,22.89860609,36.35661914,14.19785332
953,792,747,582,620,53,52,58,85,7,0.048902258,0.074088276,0.09205973,0.371199168,0.099582101,48.71963207,26.72487623,20.28574267,3.919728614,15.5650461
818,508,606,703,780,48,82,96,3,55,0.06100362,0.397860413,1.097274591,0.071274009,0.074057643,33.52260075,3.192074304,1.380693596,24.65835748,26.33084087
673,576,755,618,620,65,41,28,57,24,0.10321248,0.106107832,0.05349439,0.108878341,0.081762077,16.30132317,13.57109996,35.28407342,14.19015007,18.95744394
763,818,843,863,753,66,47,30,60,1,0.103520232,0.066189473,0.054619524,0.069524906,0.066833381,18.4263497,30.89615188,38.58510376,31.03204481,28.16706216
679,975,814,862,924,98,44,0,19,25,1.831824203,0.043036427,0.056560588,0.050077693,0.043582627,0.926671892,56.6380668,35.97911677,43.03313211,53.00277067
628,555,571,751,520,59,41,46,18,7,0.090352309,0.097053734,0.095239896,0.044129416,0.098809203,17.37642363,14.29620417,14.98846653,42.54531758,13.15666923
995,851,508,789,853,6,12,88,42,63,0.034143555,0.048272424,0.591572407,0.06471646,0.070923312,72.85416012,44.07278121,2.146820887,30.4791082,30.06768776
602,608,591,838,750,39,85,29,18,46,0.099080371,0.275267429,0.096953317,0.043090787,0.064188268,15.18968873,5.521902838,15.23929295,48.61828132,29.21094547
583,651,754,998,628,24,21,78,81,72,0.122173559,0.095351913,0.154080589,0.089573759,0.191363503,11.9297499,17.06835183,12.23385767,27.85413977,8.204281254
885,946,696,939,641,65,5,66,91,2,0.078389345,0.043754655,0.138288221,0.216969727,0.101475876,28.22449926,54.05139148,12.58241652,10.81948174,15.7919307
916,617,621,965,742,35,36,57,66,48,0.047373401,0.114533646,0.141739096,0.060993388,0.084843498,48.33936212,13.46765822,10.95322354,39.55346791,21.86378495
850,948,641,700,939,0,40,13,18,84,0.048384752,0.04150903,0.088904739,0.074115977,0.109003777,43.91879462,57.09600993,18.02491091,23.61164311,21.53595095
878,571,566,595,770,45,62,36,50,8,0.042483256,0.143375135,0.10745679,0.109315721,0.050059981,51.66741491,9.956398676,13.16808366,13.60737486,38.45386989
579,509,681,988,885,31,99,59,32,76,0.127408621,7.104068513,0.119349115,0.039213464,0.097887604,11.36108366,0.179122709,14.26487326,62.98856938,22.60245328
894,679,687,615,817,27,90,12,55,44,0.043463196,0.354068165,0.075279922,0.127382871,0.059244337,51.42281737,4.794274576,22.81484824,12.0699117,34.47586916
660,657,783,844,819,33,55,71,46,82,0.102053704,0.127933199,0.118467257,0.065614797,0.158528076,16.16795807,12.83873161,16.52355301,32.15738082,12.91569322
792,550,689,936,897,88,97,0,73,55,0.264444657,2.270678573,0.092015559,0.088953549,0.068054908,7.487388938,0.605545856,18.71966027,26.30586439,32.95133386
654,992,580,663,659,83,98,33,56,75,0.291929276,0.841446031,0.140781557,0.132995152,0.206258059,5.600671577,2.947307264,10.29964457,12.46286025,7.987566667
798,761,645,552,907,71,56,75,7,44,0.103422139,0.085621527,0.189483892,0.127502039,0.049915772,19.28987362,22.21987927,8.509958217,10.82335631,45.42652401
964,991,753,973,602,34,58,27,60,54,0.046968725,0.055989913,0.078354425,0.060336654,0.161316447,51.31073885,44.24904165,24.0254459,40.31546071,9.329488869
653,894,801,613,604,85,33,76,29,87,0.298422904,0.049790333,0.124480572,0.112075245,0.405087298,5.470424618,44.88823171,16.08684766,13.67384926,3.727591576
982,803,918,543,629,19,15,22,63,57,0.031870556,0.04994191,0.037399315,0.178652566,0.116038909,77.03034636,40.19670032,61.36476005,7.598547462,13.55148902
506,941,771,956,870,17,91,69,68,80,0.198627895,0.262105637,0.140604955,0.084264536,0.153100498,6.36869258,8.975388815,13.70862075,28.36305894,14.20635487
537,590,934,653,831,7,60,92,40,8,0.121907535,0.144271072,0.191129713,0.09037392,0.047364918,11.01244479,10.22380983,12.21683415,18.0638397,43.86157745
891,577,570,521,756,43,48,40,46,69,0.044101348,0.124059998,0.118057103,0.151905658,0.09521665,50.50866045,11.62743855,12.07043006,8.574400848,19.84946964
690,619,617,900,555,49,94,32,90,88,0.103919292,0.812439211,0.114956289,0.209360896,0.539299607,16.59942024,1.904757894,13.41814364,10.74699259,2.572781403
697,994,663,643,809,87,88,35,60,66,0.342225285,0.161361704,0.113113989,0.160909766,0.108572788,5.091675211,15.40018444,14.65335997,9.990071101,18.62805616
781,965,523,550,761,34,61,72,99,0,0.061756512,0.050269852,0.261523914,5.472602346,0.061338282,31.61609913,47.99099097,4.999542803,0.251251583,31.01651935
558,607,586,649,599,3,76,72,24,59,0.095018173,0.165470976,0.158535068,0.069997956,0.113921368,14.68140212,9.170792583,9.240857672,23.17924835,13.14503171
596,959,987,679,666,54,21,72,44,6,0.138152715,0.037432191,0.061376131,0.092272563,0.082328551,10.78516624,64.04915003,40.20292521,18.39658449,20.22384685
658,663,710,936,510,32,29,21,80,62,0.083792079,0.081138378,0.067729782,0.083303302,0.205414372,19.63192719,20.42806435,26.20708282,28.09012288,6.206965881
981,664,717,586,946,82,86,20,33,31,0.101093497,0.314743399,0.079099881,0.129625624,0.044631144,24.25972063,5.274137615,22.66122254,11.3017778,52.98990305
518,817,868,628,859,1,3,1,37,28,0.10086198,0.037066039,0.032468562,0.072211332,0.03355821,12.8393276,55.10434968,66.83388162,21.74173981,63.99328282
667,973,840,725,801,15,16,14,24,34,0.069467121,0.029830097,0.041619973,0.059004136,0.049221699,24.00416162,81.54515936,50.45654412,30.71818547,40.68327648
748,667,620,774,867,58,59,42,21,91,0.094958834,0.124819025,0.118768989,0.064898715,0.244317864,19.69274383,13.3593416,13.05054474,29.81569068,8.871639448
668,642,944,802,644,53,3,67,45,53,0.10530158,0.08880325,0.060104796,0.063755981,0.114244928,15.8592113,18.07366278,39.26475327,31.44803015,14.09252939
702,782,746,560,959,30,78,51,14,33,0.07583786,0.126659116,0.078609256,0.117460353,0.038101527,23.14147574,15.4351306,23.72494164,11.91891529,62.92398805
964,961,596,529,688,74,68,75,8,29,0.076111514,0.065434233,0.237631001,0.146002998,0.087970015,31.66406598,36.71625529,6.270225671,9.058033148,19.55211664
592,724,748,813,949,17,98,72,27,66,0.121964966,1.72165097,0.136874786,0.06341733,0.068133196,12.13463218,1.051316458,13.66212183,32.04959913,34.82149866
777,811,665,711,911,18,75,15,69,72,0.065675703,0.119803421,0.091478835,0.136533758,0.083389211,29.5771483,16.92355674,18.17360264,13.01875834,27.31168665
947,511,623,592,801,79,8,46,38,18,0.073291036,0.129002132,0.100418006,0.104842921,0.049056865,32.30272255,9.902937101,15.51016657,14.11635604,40.81997528
845,866,776,813,731,48,47,26,6,57,0.059071949,0.055263606,0.061516759,0.053786853,0.092156295,35.76147475,39.17587267,31.53612175,37.78804459,19.83044136
896,778,530,841,757,79,6,58,35,77,0.106156111,0.063121251,0.203697324,0.057462053,0.146082901,21.10099901,30.81371121,6.50474917,36.58936472,12.95497276
751,540,894,869,689,31,99,58,65,9,0.070967349,6.113579645,0.061955108,0.074968424,0.080662386,26.45582839,0.220819892,36.07450737,28.9788671,21.35443897
744,618,648,952,943,43,48,24,49,84,0.083690974,0.13240402,0.100522758,0.050838002,0.124364234,22.224619,11.66883001,16.11575356,46.81537217,18.95641472
571,622,623,544,679,37,30,57,63,57,0.102660235,0.081478812,0.104479152,0.157342186,0.085773883,13.90509184,19.08471612,14.90728026,8.643581475,19.79040629
795,633,607,707,927,34,89,29,11,32,0.054428374,0.353209474,0.096534925,0.06594488,0.037876536,36.5158807,4.480344152,15.71969945,26.80268722,61.18563795
995,992,922,752,826,30,17,93,44,16,0.042289258,0.040931937,0.299377234,0.087079772,0.06116679,58.82108345,60.58838553,7.699316251,21.58939967,33.76014989
937,648,560,974,570,75,34,4,12,58,0.068370941,0.086566597,0.10964306,0.032565926,0.147962999,34.26163192,18.71391573,12.76870597,74.77140404,9.630786116
958,608,834,636,637,88,70,50,27,3,0.140194384,0.185487831,0.063807519,0.097914986,0.093469662,17.08342321,8.194607655,32.67639954,16.23857657,17.03761384
869,660,674,877,779,55,78,59,31,95,0.073008228,0.233333929,0.137127894,0.057543621,0.627183319,29.75692,7.071410524,12.287799,38.1015299,3.105152736
881,549,874,900,959,90,79,68,87,14,0.278197523,0.409991876,0.103831534,0.207984989,0.050554863,7.917036716,3.34762731,21.04370341,10.81808841,47.42372659
989,848,948,524,604,60,80,16,94,2,0.052583821,0.128826149,0.041850622,1.166776757,0.1107478,47.02016608,16.4562864,56.62998223,1.122751197,13.6345824
773,925,945,876,669,75,22,46,13,52,0.132142942,0.044534355,0.048772014,0.049470678,0.113659595,14.62431495,51.92620429,48.43966428,44.26864749,14.71499176
988,865,853,619,521,78,34,33,84,58,0.086657307,0.057111048,0.058583098,0.336418395,0.224322479,28.50307816,37.86482763,36.40128445,4.599926821,5.806373067
880,830,697,583,743,72,80,38,82,47,0.096852326,0.146266909,0.097303735,0.356250717,0.09166108,22.71499387,14.18639396,17.90784297,4.091219838,20.26487141
524,960,961,816,843,31,65,47,98,72,0.191493766,0.076077163,0.058140908,1.526163783,0.121376481,6.840953771,31.54691765,41.32202386,1.336684845,17.36333094
960,668,711,995,585,7,73,76,21,56,0.037807451,0.16162709,0.154330203,0.035206126,0.151343224,63.47955029,10.33242632,11.5175122,70.65531819,9.663465364
764,882,627,961,657,60,1,33,54,76,0.089670433,0.046339131,0.10413948,0.048178657,0.186505915,21.30022048,47.58397339,15.05192837,49.86647959,8.806691216
921,844,844,947,755,37,64,97,31,36,0.056291087,0.095734767,0.905070079,0.051042126,0.086735588,40.90345604,22.04005992,2.331311187,46.38325626,21.76154042
919,957,649,870,594,47,14,30,50,89,0.050908917,0.039530161,0.097556991,0.059630299,0.480553328,45.12961889,60.52340672,16.63130425,36.47474578,3.090187737
503,727,909,933,740,82,25,59,19,36,0.413269429,0.06923479,0.05605562,0.039045322,0.070405351,3.042809153,26.25125328,40.54009182,59.73827095,26.27641195
685,635,910,886,518,16,85,44,81,75,0.085272274,0.321914206,0.052355345,0.121028976,0.324675434,20.08272934,4.931438163,43.45306107,18.30140245,3.988598657
781,854,688,890,557,42,46,58,58,88,0.074175839,0.062940777,0.119175523,0.06649078,0.539271326,26.32258723,33.9207763,14.43249388,33.46328617,2.582188098
902,533,694,748,691,54,32,91,59,99,0.062648322,0.162732115,0.442152908,0.103300903,3.811646135,35.9945796,8.188303803,3.923981886,18.10245548,0.453216259
638,594,576,578,750,49,10,2,29,98,0.085963758,0.082638308,0.088561386,0.092029397,1.009952414,18.55433085,17.96987421,16.25990819,15.70150451,1.856523113
907,698,861,756,759,82,61,39,88,50,0.141922154,0.138528022,0.066509578,0.310584485,0.097816086,15.97706867,12.59672937,32.36375982,6.085300742,19.39864992
711,727,506,900,964,55,72,1,39,42,0.095500099,0.127811006,0.149273305,0.047362699,0.04131695,18.61254623,14.22021508,8.474388661,47.50573878,58.32957233
885,636,535,824,544,52,67,95,44,80,0.058575871,0.160108998,1.284233366,0.063405009,0.341111453,37.77152555,9.930734795,1.041477379,32.48954694,3.986966689
608,540,738,820,707,78,4,71,59,77,0.236227797,0.13142573,0.121414583,0.074066528,0.161559192,6.434467155,10.27196117,15.19586819,27.67781972,10.94026271
879,787,712,820,712,74,82,48,2,87,0.103804863,0.182555291,0.102508318,0.062023104,0.306951339,21.1695284,10.77755671,17.3644445,33.05219926,5.798964761
713,521,662,674,730,84,30,37,57,32,0.186185496,0.132662796,0.081942677,0.09725389,0.063882223,9.573785499,9.818125643,20.19704587,17.32578518,28.56819787
993,928,807,680,697,7,53,72,75,16,0.0376034,0.055151385,0.109673378,0.177550227,0.08206417,66.01796717,42.06603368,18.39553084,9.574755454,21.23338368
813,758,654,591,624,96,16,80,16,73,0.574578545,0.063121928,0.214433402,0.108269725,0.185723998,3.53737538,30.02126288,7.624744965,13.64647414,8.399560727
948,965,857,869,911,49,10,20,74,49,0.055557713,0.04406844,0.057980669,0.108830309,0.060831066,42.65834331,54.7443925,36.95197123,19.96226989,37.43975169
843,844,505,519,638,30,1,28,99,79,0.043581496,0.042191509,0.134587447,5.348179167,0.181885576,48.35767905,50.01006251,9.38051826,0.242605934,8.769249542
691,598,931,612,965,49,69,0,56,74,0.097299566,0.189221098,0.041608562,0.139570091,0.071904473,17.75444718,7.900810293,55.93800579,10.96223401,33.55145948
689,961,835,775,914,55,4,81,90,9,0.11569446,0.042119022,0.145541687,0.308417644,0.046896761,14.8883533,57.04073502,14.3429697,6.282066018,48.72404771
882,636,555,757,684,82,43,10,47,48,0.110569268,0.101778699,0.117621888,0.071641469,0.090989642,19.94225022,15.62212936,11.79627379,26.41626459,18.79334799
804,851,643,900,771,2,90,79,48,49,0.063015496,0.250994432,0.245477224,0.058947682,0.084495338,31.89691644,8.476283652,6.548469045,38.16943999,22.81190935
716,595,510,678,535,18,1,84,99,9,0.053684603,0.080513973,0.338402964,2.488213603,0.100869959,33.34289348,18.47505402,3.767697492,0.681211612,13.25964652
704,749,591,548,751,71,22,73,58,15,0.114840296,0.057054339,0.18156268,0.154693065,0.055947307,15.32563102,32.81958997,8.137685561,8.856247068,33.55836215
800,790,920,569,668,51,76,6,67,2,0.064492348,0.110560232,0.038320959,0.182199396,0.07748783,31.01143112,17.86356606,60.01937556,7.807380416,21.55177136
859,619,652,954,961,35,72,76,92,42,0.065369773,0.233400845,0.236245889,0.265155367,0.053538789,32.85157495,6.630224507,6.899590967,8.994726479,44.87400693
705,832,587,600,631,68,81,53,52,39,0.122584607,0.127042138,0.141218459,0.132806966,0.104132621,14.37782475,16.37252037,10.39170102,11.29458826,15.14895125
669,792,921,565,981,6,84,17,98,81,0.094752297,0.197285601,0.047815975,3.090438396,0.102595243,17.65128708,10.0362114,48.15336309,0.457054896,23.90461704
774,571,600,786,532,65,35,45,7,50,0.072496291,0.101197107,0.098204068,0.046222253,0.135418313,26.69102074,14.10613441,15.27431637,42.51199101,9.821419089
645,879,671,583,776,89,32,77,38,77,0.409261538,0.051703179,0.194459602,0.132869138,0.139466291,3.940023313,42.50222203,8.626470378,10.96943972,13.91017126
655,894,703,751,814,87,82,54,74,49,0.394570598,0.145081951,0.120741766,0.158757778,0.081918437,4.15008115,15.40508647,14.55585798,11.8261922,24.84178261
857,945,585,914,779,1,49,14,71,24,0.047604959,0.045446636,0.108693455,0.071605825,0.059797822,45.00581508,51.98404573,13.45527199,31.91081181,32.56807604
841,863,709,566,749,49,50,26,72,76,0.064713936,0.061692171,0.08016768,0.239507377,0.144642551,32.48913793,34.97202273,22.10990769,5.907959989,12.94570637
808,561,705,756,813,14,29,90,0,11,0.043750827,0.102302744,0.263201618,0.051170794,0.043101639,46.17055617,13.70930967,6.696387409,36.93513109,47.15597969
731,530,830,701,732,37,54,26,31,65,0.06627566,0.1607461,0.047058387,0.070251611,0.093670948,27.57422539,8.24281273,44.09415902,24.94604707,19.53647353
990,931,813,634,527,50,42,88,81,55,0.051232449,0.054540406,0.250276779,0.291531375,0.221384296,48.30922684,42.67478303,8.121009101,5.436807617,5.951189963
951,532,696,549,702,9,57,33,41,83,0.032634457,0.161296273,0.069789677,0.124782805,0.178553369,72.85244565,8.24569582,24.93205411,10.99911161,9.828994033
731,883,959,631,570,70,18,87,91,29,0.136791877,0.05149098,0.147516597,0.548942119,0.138585746,13.35971143,42.8715864,16.25240857,2.873709166,10.28244278
869,763,685,746,507,20,57,94,49,10,0.044618643,0.07925957,0.551853208,0.075234923,0.141803822,48.69040926,24.06649455,3.103180291,24.7890198,8.938405072
785,879,990,979,770,69,42,46,11,20,0.111064034,0.057286409,0.045231449,0.039800563,0.068387273,17.66998672,38.359884,54.71856529,61.49410566,28.14851241
834,676,889,504,730,97,24,42,81,32,0.751732419,0.086276891,0.052018752,0.418750797,0.075640733,2.773593297,19.58809578,42.72497771,3.008949498,24.12721207
905,930,502,867,521,10,23,95,73,28,0.040561478,0.038760892,1.343728354,0.082654941,0.141542254,55.77952523,59.98313925,0.933968533,26.22347782,9.202199069
908,985,837,650,882,64,48,37,7,99,0.080617616,0.052880178,0.06929484,0.107990318,2.401467958,28.15761764,46.56754399,30.19705371,15.04764531,0.918188391
667,698,932,746,766,78,34,54,38,53,0.203244672,0.086706034,0.054422805,0.076930688,0.0842007,8.204397105,20.12547371,42.81293443,24.24260121,22.74327887
728,594,564,770,588,59,19,84,66,24,0.084115023,0.095713811,0.320233754,0.084052437,0.099376363,21.63703868,15.51500237,4.403033668,22.90236976,14.79224997
739,952,553,993,652,36,11,55,71,54,0.07467814,0.039203481,0.171752379,0.061696699,0.11790109,24.73950198,60.70889422,8.04937903,40.2371606,13.8251478
641,733,812,651,840,68,61,0,68,91,0.165345502,0.105877075,0.058521427,0.159730578,0.267248353,9.69182699,17.30780712,34.68814958,10.1890322,7.857859472
804,687,565,855,516,96,59,71,27,51,0.604856912,0.111906897,0.223727937,0.050878068,0.187194665,3.323099993,15.34757952,6.313471704,42.01220858,6.891222026
663,645,733,744,909,95,65,78,69,25,0.870807884,0.162795903,0.176936652,0.129653438,0.049762863,1.903404908,9.905040401,10.35681403,14.34593658,45.66658518
733,502,814,620,827,10,44,2,57,79,0.057466238,0.15354892,0.045874773,0.112876746,0.098896796,31.88828866,8.173290983,44.35989233,13.73179203,20.90563182
833,627,530,517,563,81,56,71,98,74,0.128860726,0.129477865,0.25489795,3.266863898,0.243568432,16.16085881,12.10631638,5.198158711,0.395639378,5.778663461
675,878,776,704,920,3,66,87,83,44,0.094494553,0.085218381,0.253618464,0.249018463,0.055837282,17.85817218,25.75735377,7.64928535,7.067749017,41.19111707
779,924,721,849,824,46,17,25,64,37,0.071810435,0.041955889,0.074192081,0.076160743,0.058736574,27.12001405,55.05782553,24.29504573,27.86868809,35.07184492
967,688,769,794,686,15,38,15,12,81,0.032759411,0.07696881,0.054775777,0.050898537,0.178974322,73.79558919,22.34671434,35.09763059,38.99915662,9.582380207
955,770,887,949,884,2,67,56,52,70,0.047553518,0.125311686,0.074420605,0.060474186,0.098535414,50.20659034,15.36169584,29.79685521,39.2316153,22.42848453
720,803,721,972,870,77,99,4,8,41,0.168473121,2.576964976,0.076275838,0.039714907,0.057048463,10.68419689,0.779017184,23.63133671,61.1860939,38.12547923
601,810,679,607,821,14,13,38,87,62,0.093510971,0.048602108,0.079049384,0.331173245,0.067884762,16.06763338,41.66485984,21.47391809,4.582193824,30.23506213
849,786,664,860,970,26,49,83,29,3,0.050832351,0.071128982,0.241014138,0.049987778,0.036912864,41.75490502,27.62586994,6.887562741,43.01051353,65.69525447
577,991,609,731,962,45,79,80,96,41,0.167570466,0.100560747,0.317946125,0.950145722,0.05248304,8.608318821,24.63684968,4.788547115,1.923389179,45.82432711
781,654,804,776,596,82,70,84,50,35,0.179072517,0.175178543,0.18563982,0.083703012,0.130327541,10.90340399,9.333334843,10.82741839,23.1771828,11.43273317
843,799,812,905,981,5,16,49,69,52,0.055606144,0.062854304,0.073718761,0.08038742,0.049543172,37.90048842,31.77984436,27.53708777,28.14495096,49.50228057
874,644,510,627,549,97,87,24,38,85,0.648384533,0.330740556,0.154410661,0.107073561,0.416448647,3.369913822,4.867863866,8.257201852,14.63946822,3.295724479
827,537,551,945,678,93,48,18,15,36,0.286867983,0.147147611,0.114942077,0.034842794,0.079176338,7.207147974,9.123491628,11.98429707,67.80455143,21.40791103
688,811,697,790,907,70,77,57,43,13,0.150154939,0.12769313,0.112299953,0.071862963,0.046204664,11.45483464,15.87790979,15.51648019,27.48286351,49.07513243
630,971,530,700,525,82,90,63,58,72,0.286776966,0.177341225,0.233293208,0.11566134,0.295412514,5.492072887,13.68830062,5.679548108,15.13037972,4.442939741
510,890,976,989,581,92,42,78,15,55,0.978095234,0.056515505,0.088994433,0.039587166,0.168555327,1.303554046,39.36972671,27.4174453,62.45711104,8.617348523
869,631,820,862,698,90,63,21,4,73,0.222107802,0.152742466,0.05750142,0.050816411,0.155093713,9.781286278,10.32784164,35.65129362,42.40756037,11.25126203
707,750,641,871,544,83,97,60,85,7,0.237944215,1.069490218,0.148743284,0.163874562,0.144687137,7.428211694,1.753171715,10.77359569,13.28760225,9.399591584
752,988,741,820,542,49,60,54,66,53,0.089029546,0.055501109,0.097944704,0.095871813,0.191844907,21.11658524,44.50361546,18.91373313,21.38271865,7.062996978
753,893,959,848,823,57,94,92,38,13,0.115793395,0.431208553,0.277324513,0.072192921,0.069523744,16.25740391,5.177309183,8.645106678,29.36576021,29.59420614
976,782,833,887,579,86,8,46,39,77,0.134830804,0.067417078,0.069617827,0.056896223,0.289919241,18.09675481,28.99858689,29.91331525,38.97446735,4.992769701
867,942,642,904,905,77,14,30,60,96,0.130457249,0.050010502,0.120965056,0.07764171,0.59272122,16.61463826,47.09010895,13.26829463,29.10806585,3.817140208
503,781,852,746,507,22,98,61,49,90,0.162714342,1.31890102,0.072900638,0.083399085,0.745962706,7.728267722,1.480399189,29.21785139,22.36235569,1.699146605
658,617,724,511,558,28,15,22,77,6,0.058305053,0.065204936,0.0460214,0.214446234,0.081077063,28.21367799,23.65618467,39.32952959,5.957204169,17.20585272
550,608,751,728,526,81,62,44,63,38,0.297958161,0.13657021,0.066680587,0.092316704,0.139812203,4.614741868,11.1298064,28.15662091,19.71474191,9.405473693
853,713,616,588,587,8,46,54,24,30,0.03643051,0.063452836,0.097208393,0.085292448,0.08781071,58.5361005,28.09173093,15.84225344,17.23482006,16.7120844
714,796,883,763,890,38,62,38,8,50,0.081827249,0.085539864,0.050828793,0.063834994,0.055577763,21.81424931,23.26400717,43.43010898,29.88172894,40.03399696
696,518,846,788,938,84,10,40,74,57,0.250694073,0.155394828,0.060712302,0.124765347,0.057676652,6.940730499,8.333610691,34.83643225,15.78964072,40.65770009
622,953,823,621,530,99,48,8,19,42,3.77433136,0.039680569,0.047152436,0.088459131,0.141680368,0.411993503,60.04198203,43.63507312,17.55047756,9.352036664
798,842,996,628,637,25,51,72,91,7,0.063061295,0.06772952,0.067211648,0.532269486,0.099291994,31.63588714,31.07950581,37.04715017,2.949633676,16.03855386
713,919,744,585,946,23,76,41,77,2,0.074316636,0.084387225,0.074839431,0.248110841,0.03924566,23.98520831,27.22568486,24.85320885,5.894542909,60.26144085
549,726,833,643,858,33,82,65,8,37,0.131043884,0.177439753,0.07543648,0.086345524,0.049990209,10.47359066,10.228824,27.60600697,18.61706225,42.90840264
927,615,868,720,587,32,51,37,48,82,0.042517962,0.125321011,0.050841919,0.08525795,0.301144482,54.50637583,12.26849343,42.68131593,21.11240073,4.873076167
808,896,512,787,746,67,29,52,36,71,0.092031679,0.047068651,0.196229032,0.065426154,0.122048752,21.94896396,47.59006184,6.522989934,30.07207186,15.28077901
874,769,739,864,841,15,38,32,14,98,0.04797689,0.069954662,0.0735421,0.049159013,1.098905032,45.54276052,27.48208564,25.12166492,43.93904285,1.913268153
739,874,510,571,918,5,81,32,38,80,0.066773591,0.114700392,0.159215118,0.130061699,0.097519749,27.66812419,19.04962978,8.008033505,10.97556017,23.53369482
733,588,776,519,727,17,97,42,43,85,0.064813682,1.540502863,0.064354699,0.158115595,0.204725172,28.2733511,0.954233865,30.14542894,8.206021661,8.877755377
899,897,827,972,535,24,44,52,71,27,0.049423295,0.055917516,0.073243236,0.071352293,0.154484938,45.47450735,40.10371259,28.22786249,34.05636862,8.657801958
625,886,618,533,971,64,97,62,30,18,0.154467915,0.647227997,0.152307493,0.147780419,0.038020451,10.11536928,3.42228706,10.14395266,9.016756118,63.84721756
531,539,845,714,744,47,58,44,35,2,0.131303921,0.146811403,0.044331043,0.061360738,0.052428255,10.11013221,9.17844235,47.65283771,29.09026268,35.47705332
802,675,830,596,659,99,21,7,86,0,2.080962732,0.074880993,0.046775519,0.328381105,0.077883023,0.963496352,22.53575888,44.36081165,4.53741089,21.15351888
926,587,741,985,684,21,90,44,75,64,0.047761249,0.598584946,0.089353823,0.081160997,0.141690018,48.47025641,2.45161528,20.73218515,30.34092858,12.06859894
563,890,703,973,607,76,4,78,1,32,0.224199159,0.038582413,0.144904179,0.031774968,0.095109769,6.277900457,57.66876249,12.12870473,76.55397229,15.9552485
949,791,659,570,967,5,55,79,77,56,0.042406964,0.083223008,0.224684686,0.287297611,0.053180625,55.94600008,23.76145792,7.33249796,4.9600134,45.45828508
564,739,688,927,517,99,51,86,21,24,5.100300667,0.080024019,0.252022811,0.039310375,0.143005695,0.27645429,23.08681841,6.824779048,58.95390156,9.038101607
655,535,849,524,566,98,9,86,94,33,1.818230833,0.128558251,0.152762966,1.035437474,0.123185808,0.900600721,10.40384409,13.89407433,1.265165722,11.48671278
878,678,982,666,765,94,69,79,40,71,0.452354052,0.186809794,0.110790597,0.125267675,0.150607413,4.852393807,9.073400087,22.15892019,13.29153749,12.69857811
671,643,703,947,830,3,42,41,70,81,0.086300006,0.108962071,0.088775435,0.069332526,0.137364833,19.43800556,14.75284,19.79714313,34.14703244,15.10575852
897,691,703,644,529,12,29,80,37,81,0.038749029,0.072256622,0.161447205,0.088472962,0.323069936,57.87241851,23.90784338,10.88591161,18.19764997,4.093540914
632,909,780,838,856,47,6,42,56,30,0.109728501,0.041156302,0.065436816,0.064874461,0.049115075,14.39917596,55.2163313,29.79973858,32.29313901,43.57114393
598,682,973,720,630,48,4,76,28,34,0.116511865,0.071948258,0.064340101,0.066530657,0.092240738,12.83131123,23.6975857,37.80690392,27.05519652,17.07488506
790,703,848,940,789,29,9,83,41,95,0.070291919,0.08596416,0.16113984,0.051430494,0.595628781,28.09711303,20.44456665,13.15627468,45.69273643,3.31162641
632,753,757,686,982,57,69,43,27,56,0.136623192,0.116712466,0.077375901,0.086588366,0.049345107,11.56465437,16.12938242,24.45851971,19.80635598,49.75163981
877,737,997,638,632,44,58,65,71,33,0.059404675,0.10434034,0.059010379,0.189148402,0.112737512,36.90786937,17.65855857,42.23833221,8.43253226,14.01485609
527,822,546,909,526,60,51,25,64,11,0.173151361,0.05543344,0.114547055,0.052871203,0.119904625,7.608949715,37.07148583,11.91650016,42.98180999,10.96704982
541,517,752,513,949,72,24,59,71,78,0.244601607,0.145872261,0.087892129,0.267384352,0.080916102,5.529399496,8.860491976,21.38985608,4.796466177,29.32049296
918,810,825,901,681,56,43,27,66,0,0.058005943,0.066660741,0.057837127,0.072169232,0.084749329,39.5649115,30.37770009,35.660485,31.21136173,20.08865457
903,919,627,576,584,59,26,52,1,16,0.048088067,0.0351369,0.101884862,0.09657898,0.09422607,46.94511845,65.38710102,15.38501371,14.91007674,15.49465033
829,911,880,994,805,28,74,27,45,92,0.069680617,0.106719021,0.060860973,0.052266765,0.405629782,29.74284795,21.34108785,36.14795992,47.54455347,4.961420702
526,550,879,681,732,11,59,62,88,6,0.122801704,0.158848908,0.056954392,0.269509369,0.060095715,10.7083205,8.656024277,38.58350387,6.317034558,30.45142255
692,637,594,790,749,99,46,76,46,44,3.452072442,0.113756177,0.238121398,0.070410925,0.077875446,0.501148232,13.99923983,6.236314812,28.04962425,24.04480599
528,983,963,550,754,49,88,32,7,41,0.173669362,0.131227312,0.039710918,0.12730187,0.07328456,7.600649793,18.72704672,60.62564487,10.80109824,25.72165268
826,830,669,863,529,43,50,44,91,14,0.062141852,0.065929227,0.100429709,0.241659013,0.14229085,33.23042277,31.47314322,16.6534387,8.927868958,9.29434326
862,525,803,571,505,2,80,0,38,31,0.032266742,0.236564745,0.038053827,0.088363808,0.111044439,66.7870338,5.548163999,52.75422044,16.1548041,11.3693222
564,995,934,928,534,47,92,27,3,86,0.157245968,0.201347604,0.044774639,0.044154608,0.507741602,8.966843575,12.35425676,52.15005748,52.54264771,2.629290166
996,966,852,655,602,99,33,2,35,69,1.586256011,0.04413332,0.054999769,0.105695531,0.204163375,1.569734004,54.72056002,38.72743542,15.49261333,7.371547437
623,797,972,532,940,49,82,39,47,90,0.142553272,0.182393924,0.048352008,0.195867359,0.210434036,10.9257401,10.92415776,50.2564441,6.790309552,11.16739498
701,699,901,519,569,71,96,28,98,11,0.13389379,0.816874647,0.044084948,3.18399321,0.115844549,13.08873248,2.139251115,51.09453638,0.40750715,12.27938654
975,723,864,948,835,22,81,56,18,75,0.044676824,0.219706361,0.076490256,0.047105435,0.12561763,54.55848825,8.226889701,28.23889116,50.31266537,16.6178904
826,949,786,820,981,16,76,68,25,87,0.068476134,0.105102656,0.12857783,0.071391601,0.165439405,30.15649239,22.57316878,15.28257243,28.71486225,14.82415876
605,1000,939,608,646,50,31,28,73,9,0.118392983,0.032565504,0.037237552,0.181860774,0.082258491,12.77525033,76.76835076,63.04120096,8.358042083,19.63323145
550,656,775,893,618,8,98,35,0,53,0.106073043,1.555642928,0.053952078,0.037122378,0.106330674,12.96276561,1.0542265,35.91149916,60.13892807,14.530144
569,795,811,934,831,62,53,66,69,19,0.199812784,0.082592459,0.098402845,0.075982988,0.059046406,7.119164098,24.06394015,20.60407907,30.73056294,35.18419048
836,654,760,699,785,61,99,79,37,68,0.088501001,4.604035288,0.178352802,0.099336963,0.117878519,23.615552,0.355123256,10.65304262,17.59163902,16.64849551
948,946,574,752,975,18,37,50,22,21,0.036845724,0.039752085,0.137515073,0.062356002,0.034753154,64.32225422,59.49373467,10.43521969,30.1494635,70.13751869
752,520,705,829,805,36,1,22,43,12,0.052847622,0.109994061,0.057573757,0.04426008,0.0421481,35.57397513,11.81881989,30.6129056,46.82549109,47.74829668
885,551,728,516,850,70,78,28,2,31,0.068294164,0.263280627,0.064854904,0.130721056,0.046369302,32.39661862,5.232059852,28.06264288,9.868341297,45.82773286
672,693,731,565,726,44,93,25,99,2,0.087440273,0.446677764,0.064394354,4.821668996,0.063772132,19.2131147,3.878634984,28.37981736,0.292948355,28.46070745
932,984,755,891,776,8,44,74,50,13,0.043673318,0.044267392,0.137084657,0.059081015,0.065340579,53.35065215,55.57137868,13.76886398,37.70246638,29.69058481
950,796,546,803,943,89,77,60,25,81,0.209257203,0.163998946,0.243781834,0.075249148,0.130668617,11.34966907,12.13422434,5.599268721,26.67804296,18.04182253
800,771,931,801,509,74,39,39,24,13,0.103915427,0.064553888,0.041957979,0.054803795,0.142652985,19.24642048,29.85877486,55.47216631,36.53944031,8.920247966
705,716,809,920,678,48,99,46,45,40,0.099358306,3.434718769,0.071580221,0.052957667,0.100322137,17.73882897,0.521148927,28.25501186,43.43091615,16.89557303
544,658,572,834,727,40,11,10,36,64,0.112498058,0.065935632,0.089437684,0.041522716,0.07914926,12.08909753,24.94857398,15.98878619,50.21347888,22.96294381
501,889,805,654,831,45,99,80,22,46,0.204345115,2.0822594,0.151110759,0.099125924,0.068137184,6.129336645,1.067350206,13.31804578,16.49417155,30.48995986
656,537,536,519,824,80,19,81,17,7,0.152857274,0.10009357,0.255977471,0.107291626,0.03843292,10.72896277,13.41244999,5.234835685,12.09320842,53.59988282
703,937,558,908,741,98,57,93,20,43,1.87150977,0.060753362,0.929101538,0.049254472,0.087626786,0.939081392,38.55753675,1.501450534,46.08718614,21.14079593
751,901,691,791,873,35,76,42,91,4,0.077901985,0.099537716,0.098681595,0.322734271,0.051745566,24.10079789,22.62961317,17.50579733,6.127331924,42.17752698
594,636,973,692,990,64,81,71,13,68,0.197281967,0.285492706,0.076058985,0.090486198,0.067779837,7.527297215,5.56931916,31.98175749,19.1189379,36.51528385
513,876,722,933,870,37,21,16,74,1,0.146354068,0.041640069,0.063442986,0.066750535,0.042168337,8.762995202,52.5935733,28.45074145,34.94354022,51.57898478
729,993,928,557,898,90,10,96,40,21,0.366035995,0.040181987,0.49771658,0.159790042,0.050943599,4.979018531,61.78141503,4.661287354,8.714560587,44.06834292
838,894,929,511,758,1,19,14,93,72,0.047708819,0.041341637,0.037683961,0.919517598,0.108517054,43.91221649,54.06172041,61.63099466,1.389315443,17.46269293
943,554,854,529,633,50,10,8,93,14,0.037252117,0.101872846,0.039438946,0.736138442,0.076628105,63.28499464,13.59537944,54.1343064,1.796537071,20.65169168
602,616,817,669,717,98,37,9,92,2,2.009455533,0.096224641,0.04705755,0.409142506,0.063010565,0.748959096,16.0042167,43.40429977,4.087817757,28.44761054
562,544,808,945,629,60,63,90,18,21,0.164304362,0.186626693,0.228128337,0.036505646,0.090640751,8.551203296,7.287274807,8.854664996,64.71601691,17.34870888
755,787,929,656,782,35,8,60,68,55,0.07153918,0.060263212,0.058277184,0.151919383,0.080414386,26.38414353,32.64844223,39.85264651,10.79519919,24.31157041
793,586,606,676,869,39,62,63,31,59,0.061013623,0.159493323,0.150886868,0.082819287,0.061691918,32.49274364,9.185337516,10.04063524,20.40587472,35.21530954
698,640,520,874,895,57,57,52,67,24,0.102701736,0.124708576,0.183207551,0.073555366,0.044605261,16.99094934,12.82991158,7.095777406,29.70551471,50.1622447
669,706,589,642,940,38,51,21,31,95,0.090091813,0.09054529,0.108950287,0.094310935,0.318630745,18.56439498,19.4930074,13.51533841,17.01817503,7.375308377
540,957,892,697,815,56,10,17,73,12,0.158956163,0.033339205,0.039210472,0.12811758,0.047787159,8.492907551,71.76235989,56.87256245,13.6007876,42.63697719
502,969,717,634,908,6,82,36,36,0,0.136552275,0.081024105,0.069098626,0.09082845,0.03812112,9.190619488,29.89851,25.94118169,17.45047943,59.54704398
657,533,527,957,609,98,31,26,95,10,1.778423101,0.136682594,0.136569262,0.291067612,0.096192947,0.923570999,9.748863853,9.6471196,8.219739667,15.82756374
851,659,511,921,558,32,33,83,70,67,0.051541799,0.091536924,0.430451074,0.069497462,0.203930628,41.27717754,17.99820142,2.967816967,33.13070611,6.84056149
780,906,892,540,546,97,60,75,2,43,0.94347477,0.065869765,0.096906275,0.142806499,0.163909002,2.066827924,34.38603422,23.01192577,9.453351257,8.327791519
989,988,838,597,615,93,40,61,26,87,0.274501385,0.049255028,0.092197474,0.13639334,0.459092876,9.00724054,50.14716454,22.72296535,10.94261638,3.348995552
676,741,678,526,728,36,27,48,95,11,0.072693221,0.056472959,0.07991127,1.041673356,0.056850822,23.24838501,32.8033102,21.21102564,1.262391894,32.01360922
740,809,637,970,934,86,23,83,23,87,0.278925124,0.068962377,0.328089551,0.046236663,0.173936548,6.63260438,29.32758535,4.853857714,52.44755619,13.4244357
864,816,660,651,880,49,99,27,93,19,0.065391779,2.601800753,0.100509895,0.65207762,0.052198965,33.03167495,0.784072338,16.41629406,2.495868512,42.14642968
763,850,701,619,892,96,79,43,61,97,0.915489937,0.153095391,0.114066712,0.190096163,0.84451898,2.083583798,13.88023497,15.36381623,8.140616719,2.640556403
627,753,911,804,504,89,35,20,27,60,0.369533047,0.063299935,0.038792504,0.052495517,0.203647166,4.241839839,29.73936723,58.70979576,38.28898351,6.187171801
636,705,928,895,768,82,36,53,50,54,0.287440204,0.09161367,0.058216277,0.06100974,0.090691615,5.53158527,19.23839535,39.85139738,36.67447203,21.17064523
909,690,901,576,707,96,78,96,69,80,0.644182741,0.247466088,0.657634892,0.277109995,0.254433423,3.527725685,6.970652085,3.425152812,5.196492461,6.946807448
575,748,509,673,972,87,10,34,28,24,0.337252759,0.052396066,0.131325625,0.068826203,0.029336078,4.262381739,35.68970263,9.689655,24.44563147,82.8331583
633,601,927,536,762,6,25,64,97,25,0.082309495,0.095224425,0.0519186,1.761342828,0.056397604,19.22621451,15.77851483,44.63718191,0.760783181,33.77803048
732,733,682,999,758,24,65,33,70,78,0.079537298,0.121875907,0.09691371,0.066828061,0.163240451,23.00807357,15.03578556,17.59297015,37.37202549,11.60864227
686,552,714,955,532,20,42,35,34,12,0.060508963,0.1101126,0.05873471,0.029620999,0.104146873,28.34290844,12.53262565,30.39088794,80.60160419,12.77042657
924,559,915,548,883,31,20,79,8,81,0.045049806,0.129796398,0.099974203,0.132537315,0.118482659,51.27658008,10.76686275,22.88090255,10.33671157,18.63141846
743,866,602,754,716,45,51,30,61,31,0.074097678,0.05559833,0.105791716,0.088443548,0.072712188,25.06826204,38.94001855,14.22606666,21.31303003,24.61760612
676,573,878,572,733,75,72,6,94,81,0.170218405,0.224982368,0.046873596,0.908631205,0.178096246,9.928421073,6.367165613,46.82806909,1.573795829,10.28938027
822,603,601,564,969,92,45,76,85,34,0.322844019,0.13457782,0.246355389,0.42708326,0.042990156,6.365302993,11.20169729,6.098912659,3.301463982,56.35010935
598,983,570,781,689,46,72,51,11,59,0.123685448,0.061359177,0.145456904,0.057948976,0.107127806,12.08711313,40.05105845,9.796716169,33.69343407,16.07892534
608,813,977,736,779,58,63,22,69,21,0.147487438,0.083726341,0.037872621,0.119810669,0.062610131,10.30596246,24.27551453,64.49249969,15.35756389,31.10518955
561,892,549,864,930,84,50,65,7,65,0.393046852,0.057058582,0.214846797,0.050147895,0.065123677,3.568276891,39.08263934,6.388273029,43.07259598,35.70130126
741,984,543,968,709,88,19,20,67,11,0.261742383,0.036565694,0.13464295,0.059466597,0.074653163,7.077569864,67.27617375,10.08222118,40.69511495,23.74313341
924,530,508,641,793,42,26,14,24,57,0.035557019,0.114174962,0.120859966,0.074732004,0.060095807,64.96607557,11.60499617,10.50802874,21.44328964,32.98899048
708,712,926,946,686,66,90,77,27,18,0.137498832,0.389536417,0.101107071,0.046641066,0.091676245,12.87283659,4.569534253,22.89651936,50.70638794,18.7071361
823,639,710,610,701,65,1,14,28,95,0.070657267,0.081083458,0.064437967,0.093506461,0.575415444,29.11943935,19.70192242,27.54587204,16.30903352,3.045625589
987,651,846,886,784,2,78,51,68,58,0.040953389,0.233219937,0.071358855,0.085681713,0.093378798,60.2514238,6.978391391,29.63892837,25.85149052,20.98977553
670,893,897,791,535,53,4,82,48,35,0.106134869,0.043962922,0.112251829,0.068825187,0.145683496,15.78180689,50.78142883,19.97740281,28.73221392,9.180861477
936,577,824,882,734,83,59,20,69,12,0.119740874,0.178721623,0.058662187,0.084296533,0.074438509,19.54219912,8.071211375,35.11631793,26.15765933,24.65121904
623,698,555,893,932,56,94,41,44,32,0.135363929,0.583664379,0.146460725,0.052294297,0.043684862,11.50601942,2.98973188,9.473529481,42.69107966,53.33655362
612,825,798,613,524,85,17,34,40,66,0.278586744,0.045751901,0.052272061,0.098413263,0.199871164,5.492005758,45.08009378,38.16570353,15.57208814,6.554222095
840,590,884,875,789,49,61,49,24,17,0.060919468,0.159989567,0.054162493,0.047035128,0.058183652,34.47173926,9.219351158,40.80314399,46.50779276,33.90127533
739,581,574,611,703,50,34,47,18,24,0.059660746,0.090254307,0.103035042,0.075802875,0.056331957,30.96675971,16.09341484,13.92730064,20.15095083,31.19898696
686,681,769,969,725,24,1,96,36,89,0.085144238,0.084145999,0.704945981,0.041782683,0.308778506,20.14229071,20.23269109,2.727159317,57.97856478,5.869903395
728,649,970,759,838,44,41,67,9,6,0.075553334,0.095040765,0.053898245,0.059446905,0.047884681,24.08894362,17.07162193,44.9921885,31.91923941,43.75094367
582,839,677,763,966,46,57,63,11,95,0.150207706,0.076749213,0.137967542,0.069784326,0.35239131,9.686586943,27.32927059,12.26737811,27.33421832,6.853176947
936,602,937,586,727,75,41,94,30,31,0.08916893,0.133787362,0.320709882,0.131247709,0.082737639,26.24232465,11.24919404,7.304109209,11.16209963,21.96702765
811,978,980,563,600,0,9,69,58,82,0.054727503,0.035883402,0.058684971,0.168271829,0.286978371,37.04718639,68.13735207,41.74833792,8.364442294,5.226874751
560,785,966,979,759,84,39,91,87,33,0.491986929,0.086018497,0.243228332,0.167937013,0.088803113,2.845604054,22.81486032,9.928941982,14.57391646,21.36749423
670,501,612,920,809,84,35,27,35,4,0.203692813,0.141447673,0.08750861,0.036150076,0.045755908,8.223166895,8.854864683,17.4839939,63.62365551,44.20194213
851,998,878,793,517,44,37,96,47,62,0.067866035,0.044819914,0.591964891,0.081844187,0.259221093,31.34852375,55.66721953,3.707990177,24.22285664,4.986091151
998,629,567,975,961,62,86,19,27,41,0.055787899,0.365442725,0.133813583,0.042122059,0.047148691,44.72296061,4.302999871,10.59309504,57.86754153,50.95581565
546,979,775,898,887,49,59,57,58,10,0.17579565,0.054574024,0.090552176,0.06570359,0.049524672,7.764697231,44.84734331,21.39650405,34.16860481,44.77566249
546,543,704,754,519,50,6,87,51,61,0.13413262,0.108508809,0.216885797,0.065403408,0.176558313,10.17649547,12.51050507,8.11486979,28.82112823,7.348846837
776,739,542,652,847,76,63,22,54,18,0.11732676,0.094382493,0.126193569,0.10836244,0.047061287,16.53501729,19.57460484,10.73747267,15.04211243,44.99451964
732,768,517,748,995,41,91,49,67,24,0.082155576,0.327919128,0.190298513,0.113306172,0.037573753,22.27481201,5.855102177,6.791960598,16.50395536,66.20312873
774,666,562,973,547,55,57,38,93,43,0.083849783,0.121029963,0.141924963,0.232477845,0.157046225,23.07698269,13.75692398,9.899597467,10.46336264,8.707627319
746,664,790,805,546,95,24,8,80,20,0.53753135,0.081918289,0.054517927,0.125212034,0.123464065,3.469565078,20.26409523,36.2266158,16.07273624,11.0558485
514,746,672,614,693,8,71,58,40,58,0.126424359,0.100064972,0.097672115,0.097363327,0.091037244,10.16418049,18.63789062,17.20040574,15.76568976,19.03067275
558,847,654,705,739,43,10,82,87,13,0.129591172,0.044858866,0.213183048,0.239069155,0.060726745,10.76462215,47.20360119,7.669465359,7.372343776,30.42316862
934,918,811,874,856,25,14,51,87,67,0.050355585,0.050975595,0.08371897,0.202363386,0.096975849,46.37022866,45.0215442,24.21792808,10.79740778,22.06735009
747,614,526,901,778,33,87,24,96,93,0.080262994,0.422182679,0.163372412,0.531493914,0.439129965,23.26726075,3.635866829,8.049094606,4.238054174,4.429212658
710,854,523,935,850,45,7,82,98,51,0.096757236,0.054838337,0.440833806,0.93894288,0.069068455,18.34488115,38.93261773,2.965970358,2.48950181,30.76657797
924,848,789,586,845,35,94,10,57,63,0.049754074,0.40850389,0.065254187,0.171731811,0.084221577,46.42835844,5.189669068,30.2279454,8.530743333,25.08264612
708,896,836,949,759,39,53,54,27,19,0.085659232,0.057946984,0.068855816,0.041581392,0.066677538,20.663272,38.6560236,30.35328182,57.0567717,28.45785947
960,879,939,871,820,20,62,32,55,12,0.042443725,0.074595921,0.046605879,0.068115655,0.059346739,56.54546086,29.45871522,50.36918159,31.96768784,34.54275752
652,736,844,698,910,61,54,89,48,60,0.153085555,0.104775729,0.24707444,0.109327683,0.071096934,10.64764077,17.56131892,8.53993638,15.96119077,31.99856694
779,944,919,969,856,37,93,29,55,53,0.086295087,0.326734773,0.057243274,0.063857215,0.08220585,22.56791287,7.222983894,40.13571959,37.93619849,26.03221075
782,704,643,898,795,8,74,7,72,83,0.062577035,0.156447342,0.095362085,0.083953056,0.169353174,31.24149282,11.24979165,16.85680417,26.74113499,11.73582962
538,826,551,640,832,90,3,56,73,55,0.57853207,0.048622206,0.158719801,0.162852133,0.061605153,2.324849511,42.47030689,8.678816335,9.82486363,33.76340963
665,670,540,620,524,99,50,47,45,32,2.997177853,0.085700775,0.134237443,0.096810634,0.126964019,0.554688471,19.54474731,10.0568066,16.01063777,10.31788382
827,861,651,833,675,45,39,61,80,31,0.065739881,0.057074362,0.139143796,0.134230286,0.092988208,31.44970708,37.71395625,11.69653296,15.51438249,18.14746231
981,862,854,964,671,34,78,99,89,47,0.055899081,0.157557658,3.069268859,0.225573354,0.142995681,43.87370866,13.67753256,0.695605403,10.68388599,11.73112358
638,896,888,873,947,27,44,14,27,0,0.086157728,0.044691176,0.040106641,0.042864696,0.035117045,18.51255882,50.12175088,55.35242892,50.91602598,67.41740364
543,710,500,517,671,48,23,64,64,62,0.123766583,0.05769474,0.18941704,0.175797469,0.093412716,10.96822719,30.7653698,6.599195087,7.352210503,17.95794053
618,863,812,992,521,99,50,35,91,8,4.980221066,0.066859441,0.067224442,0.193070751,0.159655713,0.310227193,32.26919013,30.19734975,12.84503212,8.1581797
813,900,781,842,556,79,94,1,25,50,0.137786393,0.339220289,0.064591834,0.056198901,0.168403352,14.75109378,6.632857985,30.22827941,37.4562485,8.253992486
846,835,547,847,681,67,92,27,3,57,0.083181537,0.292603673,0.138311012,0.051609271,0.113288391,25.42631554,7.134223498,9.887137534,41.02944995,15.02801825
893,977,611,739,715,30,28,73,32,47,0.045671357,0.036895903,0.194617246,0.070503358,0.085320447,48.88184122,66.19976239,7.848739178,26.20442553,20.95042945
977,746,969,750,770,21,71,35,99,46,0.044156156,0.143364857,0.047714245,3.38451274,0.087152344,55.31505065,13.00876683,50.77100139,0.553994074,22.08775936
842,963,806,597,794,4,21,0,48,34,0.041163416,0.030439567,0.045648289,0.106011326,0.049746946,51.13764082,79.09113729,44.14185206,14.07868436,39.90194716
645,631,556,677,676,98,48,85,68,43,1.940439627,0.113130848,0.39542314,0.134199641,0.092375786,0.830997253,13.94403049,3.515221696,12.6118072,18.2948376
857,932,636,957,559,48,24,81,70,3,0.0614929,0.043521416,0.256358781,0.068497997,0.128430581,34.8414205,53.53686095,6.202245124,34.92802887,10.88136476
891,694,511,527,651,71,55,22,21,57,0.065935932,0.08757361,0.132463513,0.123567228,0.104275429,33.78279373,19.81190463,9.644165148,10.66221211,15.60770365
771,935,939,658,995,92,49,20,74,26,0.416204346,0.058217875,0.048122494,0.207243506,0.04306463,4.631138566,40.15089873,48.78176128,7.937522524,57.76201998
989,522,634,955,574,92,71,12,64,49,0.209404062,0.291046776,0.102872393,0.063257523,0.158245433,11.80731633,4.483815343,15.40743783,37.74254664,9.068192203
643,756,633,904,774,70,66,41,11,28,0.150458195,0.094507035,0.099785596,0.040147599,0.058882824,10.68403084,19.99851131,15.85900237,56.2922834,32.86187474
606,724,589,515,760,72,12,84,79,9,0.158869689,0.057840396,0.271980928,0.291144149,0.051921433,9.536117363,31.2930082,5.413982561,4.422208051,36.5937515
695,838,653,732,994,43,14,0,94,63,0.090768483,0.052337027,0.089953815,0.520444875,0.051891772,19.1421068,40.02902211,18.14820191,3.51622254,47.8881319
703,606,827,856,556,53,37,34,83,46,0.094142471,0.111555136,0.054895214,0.130079467,0.145664441,18.66851351,13.58072833,37.6626641,16.45148188,9.542479873
530,744,649,662,767,54,93,45,54,11,0.165303163,0.375684587,0.095046349,0.100883456,0.056130255,8.015575624,4.9509617,17.07061892,16.40506841,34.16161226
759,530,859,649,534,35,17,30,15,72,0.051019109,0.105791336,0.037369874,0.067765691,0.193661059,37.19194733,12.52465519,57.46607545,23.94279446,6.893487048
952,721,968,948,624,35,95,53,17,58,0.048395167,0.740955715,0.054874016,0.04565866,0.157900164,49.1784647,2.432669003,44.10101829,51.9069114,9.879660437
541,786,985,855,934,25,3,85,67,32,0.148497962,0.064350414,0.118569507,0.086777183,0.046563883,9.107869105,30.53593389,20.76840881,24.63205115,50.14616172
803,913,993,627,684,30,67,23,50,29,0.059541677,0.068050457,0.03595769,0.121175869,0.084415652,33.71587916,33.54128816,69.03947469,12.93574378,20.25690698
572,817,908,802,626,16,13,79,52,57,0.114689239,0.052673839,0.094092785,0.068803049,0.128918884,12.46847576,38.77636478,24.12512278,29.14115047,12.13941633
817,636,970,528,727,81,8,29,71,81,0.14053088,0.09555451,0.039481531,0.265664411,0.184434008,14.53417208,16.639717,61.42112354,4.96867456,9.854473273
691,894,718,618,934,12,25,63,31,90,0.07978175,0.046575078,0.110933913,0.10796241,0.179996991,21.65282163,47.98703743,16.18080484,14.31053648,12.97243904
855,765,906,879,929,64,76,94,56,49,0.106707484,0.188080124,0.452779376,0.087298562,0.070439608,20.03139719,10.16853858,5.002436329,25.17223589,32.97150668
716,530,582,899,798,99,69,98,1,55,3.207905238,0.250446571,2.598382596,0.045489114,0.076982732,0.557996533,5.290549566,0.559963726,49.40742485,25.91490242
535,760,651,748,899,18,47,64,36,23,0.118630643,0.064774618,0.118008217,0.061420203,0.038195033,11.27449006,29.33247723,13.79141254,30.44600821,58.84273018
715,629,992,608,760,43,27,46,99,58,0.086755017,0.10328916,0.042335619,4.716462262,0.090704354,20.60399565,15.22425003,58.57951441,0.32227545,20.94717536
618,987,537,552,999,54,71,24,95,75,0.150241962,0.072182867,0.157832891,1.335301552,0.078777118,10.28341202,34.18401234,8.505831649,1.033474422,31.70336865
675,568,793,697,949,26,97,56,8,7,0.073820433,1.537696018,0.065844348,0.06650917,0.033594082,22.85952453,0.923459503,30.10888636,26.19939489,70.6225574
616,924,613,513,888,1,12,60,88,63,0.089490941,0.036589478,0.129751038,0.527692128,0.058089123,17.20844566,63.13290323,11.81108083,2.430394412,38.21713743
506,515,649,995,576,52,33,95,85,30,0.190433225,0.153308251,0.771514817,0.098921451,0.118353653,6.642748413,8.398112872,2.103005626,25.14621429,12.16692488
884,570,934,674,884,79,8,4,24,87,0.106565165,0.119968998,0.041329233,0.086514203,0.161920172,20.73848436,11.87806871,56.49753989,19.47657081,13.64870088
946,646,738,639,560,19,20,66,42,16,0.031258843,0.073937983,0.085268133,0.085102392,0.10005286,75.65859077,21.84262983,21.63762632,18.77150536,13.99260355
916,618,514,596,675,19,61,47,97,64,0.038725571,0.133682445,0.164783196,1.4607902,0.115940742,59.13405337,11.55723922,7.798125245,1.01999589,14.55484912
846,720,901,784,705,40,23,49,28,29,0.052343056,0.06871887,0.049064635,0.057979131,0.073717622,40.40650616,26.1936788,45.90883054,33.80526685,23.90880168
652,886,815,591,690,16,85,86,32,5,0.086927193,0.133978706,0.174241053,0.1142632,0.076336581,18.75132439,16.53247792,11.69357028,12.93067234,22.59729189
888,546,691,880,954,9,18,62,69,70,0.048064569,0.13898426,0.123921567,0.082787741,0.070125065,46.18786819,9.821256017,13.94026914,26.57398287,34.01066377
663,517,861,845,917,6,56,8,36,60,0.075355744,0.175607447,0.042470579,0.047659624,0.050557805,21.99566885,7.360166211,50.68214342,44.32473042,45.3441364
570,835,590,700,757,2,91,71,17,66,0.11172021,0.237167114,0.190986276,0.072379628,0.095995724,12.75507812,8.801810511,7.72306803,24.178074,19.71441979
578,750,950,827,651,18,95,65,72,75,0.13590082,0.689222591,0.070942171,0.115715162,0.217563963,10.63275408,2.720456386,33.47797164,17.86714866,7.480558734
959,864,753,623,730,76,93,27,9,91,0.094637151,0.366112574,0.080828671,0.116003002,0.426409702,25.33360287,5.899824675,23.29000312,13.42637663,4.27992138
702,911,978,891,763,82,18,11,68,90,0.244799654,0.051167795,0.043398105,0.08862552,0.345257144,7.169127787,44.51041902,56.33886511,25.133844,5.524867575
798,864,548,675,639,75,15,39,54,53,0.104375725,0.044107053,0.133419452,0.098620129,0.110031,19.11363974,48.97175957,10.26836778,17.11111122,14.51863561
620,586,933,727,787,24,6,27,81,76,0.095666177,0.104603564,0.038977864,0.167523921,0.114351686,16.20217349,14.00525895,59.84165729,10.8491969,17.20569296
539,946,822,860,522,30,33,4,79,19,0.122877715,0.035422548,0.046417976,0.093916963,0.125987006,10.96618701,66.76538287,44.27164201,22.89256307,10.35821103
854,525,620,703,859,60,35,76,71,39,0.069962579,0.156180751,0.214309923,0.138463186,0.05433956,30.51631358,8.403724453,7.232516234,12.69290454,39.52001061
702,960,508,532,913,48,47,95,25,15,0.083294115,0.040018281,1.27026269,0.12987321,0.038666454,21.06991594,59.97259077,0.9997932,10.24075709,59.03049718
860,957,697,946,866,56,70,97,69,82,0.096064074,0.099585665,1.689902686,0.09968545,0.190958794,22.3808954,24.02454202,1.031124463,23.72462575,11.3375245
581,864,554,561,893,79,58,84,27,46,0.270250563,0.064109762,0.381298429,0.126274193,0.051273878,5.374641907,33.69221678,3.632325479,11.10678254,43.54068981
757,869,679,796,759,25,29,81,90,93,0.077612442,0.058307029,0.249022542,0.309541633,0.483586251,24.38397685,37.25965901,6.816651957,6.42886058,3.923808826
920,959,953,908,925,28,60,83,11,25,0.053496665,0.066249111,0.132322672,0.052831915,0.052226439,42.99333397,36.18916473,18.00522892,42.96645331,44.27833959
748,666,795,507,825,0,46,51,51,79,0.060769602,0.092287917,0.065257106,0.178061046,0.110959878,30.77196388,18.04136499,30.4564532,7.118345241,18.58779979
792,719,609,550,923,88,77,8,79,70,0.248782193,0.175352853,0.113245412,0.344439085,0.079579826,7.958768964,10.25075992,13.44425329,3.991997603,28.9960423
880,839,547,666,713,11,56,90,93,47,0.047581462,0.06999486,0.6317583,0.567413495,0.090506096,46.23649435,29.96648608,2.164593644,2.934367998,19.694806
819,513,574,591,951,31,44,48,38,22,0.044662759,0.139563273,0.113486615,0.097154348,0.030693341,45.84356329,9.189380359,12.644663,15.20775987,77.45979836
764,583,790,845,540,54,76,49,90,78,0.090761934,0.269648133,0.079124179,0.251755126,0.343492632,21.04406458,5.40519225,24.96076465,8.391090315,3.930215304
882,537,793,684,720,77,55,85,76,91,0.12204627,0.220870342,0.225761492,0.209905479,0.450264007,18.06691835,6.078226651,8.781391293,8.146523877,3.997654645
763,862,548,616,725,11,97,53,5,68,0.059157282,0.624925928,0.157854435,0.093973943,0.11025152,32.24455114,3.448408689,8.678881914,16.38752144,16.43968265
824,891,971,604,942,4,58,28,47,82,0.059580755,0.068626977,0.04306704,0.141264822,0.116257729,34.57492272,32.45808137,56.36561029,10.68914383,20.25671767
885,984,635,648,888,65,36,94,58,26,0.080823731,0.044500881,0.816630816,0.143344871,0.053323628,27.37438602,55.27980492,1.943962889,11.30141586,41.63257627
731,672,509,540,755,12,95,71,59,85,0.06600148,0.701985712,0.267406099,0.181216921,0.191118,27.68877313,2.393211104,4.7586798,7.449635469,9.876097466
655,967,768,534,748,95,41,65,49,30,0.817115281,0.04307738,0.100574352,0.175005857,0.071783923,2.004001197,56.11993993,19.09035422,7.628316124,26.05040124
687,755,953,716,535,64,8,43,91,68,0.123726472,0.065135161,0.044098021,0.370016721,0.235543235,13.88142708,28.97820417,54.02736758,4.837619215,5.678363034
839,710,912,767,924,39,94,47,65,99,0.076720476,0.752080821,0.068546801,0.132483968,2.383827815,27.339507,2.360118688,33.26194589,14.47344935,0.96902972
992,846,994,954,697,29,69,49,5,10,0.03936407,0.091585435,0.045220693,0.041402334,0.081855672,63.00161526,23.09319163,54.95271866,57.60544777,21.2874679
786,849,739,561,528,68,95,75,87,45,0.113435566,0.498375868,0.158585034,0.52048546,0.189194513,17.32260943,4.258833819,11.64990132,2.694599769,6.976946525
856,828,967,837,935,69,74,35,44,87,0.11611883,0.14386864,0.055670506,0.082244803,0.198638434,18.4293969,14.38812515,43.42514892,25.44233706,11.76761192
709,686,830,629,529,85,41,35,78,85,0.234871341,0.090573731,0.056672745,0.221167284,0.455463985,7.546684884,18.93484983,36.61371997,7.11000277,2.903632433
950,623,568,819,572,97,28,44,80,10,0.543641906,0.104477321,0.143032146,0.13291098,0.119425397,4.368684555,14.90754155,9.927838201,15.40504781,11.97400245
707,620,738,889,676,7,54,71,97,69,0.080354886,0.141080779,0.133345592,0.689134457,0.154338209,21.99617329,10.98661359,13.83622791,3.22506004,10.94997801
682,796,658,945,624,47,85,28,76,12,0.100161484,0.18568281,0.094081525,0.082629868,0.100719326,17.02251133,10.71720101,17.48483555,28.59135646,15.48858661
872,557,849,535,863,58,59,29,96,80,0.071062941,0.196331479,0.057663639,1.712704987,0.128613483,30.67703027,7.092596689,36.80829062,0.78092842,16.77506865
903,750,957,877,728,67,96,27,50,74,0.091605903,0.940184985,0.051175024,0.07397032,0.179554086,24.64360837,1.994288391,46.75132111,29.64026662,10.13622157
857,887,586,966,881,37,85,31,51,52,0.063706929,0.168382821,0.140261419,0.055293131,0.069053199,33.6305648,13.16939567,10.44478237,43.67631158,31.89569833
886,626,602,840,522,99,69,72,58,88,2.231418088,0.196987219,0.232736649,0.081817743,0.667757515,0.992642308,7.944677873,6.466536343,25.66680444,1.954302229
681,988,699,811,906,92,40,83,13,22,0.506868464,0.043322495,0.238971954,0.060501663,0.048219619,3.358859589,57.0142601,7.3125736,33.51147565,46.97258183
975,980,819,503,647,66,83,20,6,53,0.062033979,0.106865298,0.059330277,0.165353618,0.126733495,39.29298145,22.92605789,34.51020451,7.604913738,12.76300322
941,816,541,729,724,93,3,54,35,94,0.264402368,0.058964674,0.189469963,0.081717304,0.570927414,8.897424087,34.59698619,7.138334635,22.30249797,3.170280419
626,611,773,652,963,29,48,18,20,2,0.074339222,0.090359487,0.044800782,0.065839497,0.027378675,21.05214402,16.90469969,43.1354073,24.75717574,87.93339913
648,719,504,717,928,45,29,90,17,5,0.083626393,0.05933837,0.577418288,0.057622194,0.032293073,19.37187467,30.29237235,2.182126935,31.10780548,71.84203149
689,516,856,604,762,25,84,58,0,69,0.072698551,0.404080621,0.058745656,0.094127594,0.095542147,23.6937321,3.192432235,36.42822533,16.04205465,19.93884442
800,588,888,842,551,82,70,55,83,85,0.186007908,0.241621642,0.072049767,0.173780107,0.503849679,10.75223105,6.083892104,30.81203582,12.11300899,2.733950339
822,806,540,972,958,54,47,12,71,8,0.071735612,0.069066986,0.137077353,0.06681477,0.039595087,28.64685936,29.17457549,9.848453994,36.36920402,60.48730302
861,618,502,628,579,10,18,30,69,73,0.035811425,0.075617559,0.124405697,0.122984788,0.165181465,60.10651668,20.43176234,10.08796242,12.7658064,8.763089732
583,528,995,506,752,14,45,67,46,35,0.096441325,0.141054748,0.044856216,0.156381746,0.059332002,15.11281597,9.358068551,55.45496693,8.089179429,31.68610441
864,808,715,879,691,38,76,92,42,3,0.057601509,0.126962542,0.450736857,0.057135452,0.084914906,37.49901787,15.91020442,3.9657285,38.46123438,20.34389577
660,548,932,701,915,12,55,90,21,14,0.080370897,0.160709699,0.161267942,0.071683025,0.039206263,20.52981938,8.524687751,14.4480048,24.44790798,58.34527049
761,930,660,858,967,18,85,76,80,31,0.079190238,0.158176513,0.230003845,0.148428864,0.049099708,24.02442579,14.69876886,7.173793107,14.45136712,49.23654558
985,558,869,564,982,25,16,17,38,97,0.036885379,0.125338325,0.047992681,0.136029939,0.494098328,66.76087044,11.1298759,45.26731857,10.36536526,4.968646648
692,751,965,957,703,33,74,40,3,97,0.090788966,0.140167114,0.045284955,0.041788584,1.203856612,19.0551791,13.39472535,53.27376342,57.25247859,1.459891471
534,777,633,704,904,86,93,18,87,16,0.484053733,0.392289205,0.097658578,0.277413054,0.044595821,2.757958277,4.951703929,16.20441379,6.344330139,50.67739449
562,789,768,770,591,23,77,61,30,56,0.117904217,0.117625512,0.083835821,0.060925292,0.139661897,11.91645247,16.76932125,22.90190499,31.59607319,10.57912021
777,985,739,799,835,43,88,1,44,16,0.073418654,0.139145175,0.071278154,0.069593408,0.054786654,26.4578537,17.69734375,25.91958248,28.70243117,38.1023449
774,817,791,710,538,25,92,85,18,54,0.065096101,0.310967615,0.18834502,0.077023298,0.183580068,29.72528256,6.568208084,10.4993485,23.04497529,7.326503422
572,797,649,592,544,19,3,92,15,42,0.084666022,0.040397404,0.346429597,0.077939607,0.106694845,16.88989235,49.32247629,4.683491288,18.9890617,12.74663273
536,966,736,514,897,77,60,95,15,65,0.338632932,0.058481854,0.6776822,0.164217929,0.076271442,3.957087075,41.29486019,2.715136978,7.824967767,29.40156817
781,884,685,629,687,46,33,81,76,64,0.075361328,0.051646537,0.219775881,0.218405767,0.130437982,25.90851386,42.79086554,7.792028824,7.199901473,13.167177
630,555,806,667,893,50,99,21,0,41,0.102877883,4.797169426,0.048942791,0.073612634,0.042542628,15.30941299,0.289233062,41.17051653,22.65236161,52.47677639
888,559,884,733,661,44,15,93,55,97,0.05894168,0.139002067,0.323314271,0.102989191,1.444361782,37.66434913,10.05380735,6.835454534,17.79312938,1.144103936
863,879,759,985,720,98,59,45,36,1,1.196229353,0.074818197,0.087023207,0.045155521,0.082697373,1.803583898,29.37119698,21.80452854,54.53375207,21.76610867
503,769,934,526,693,27,21,17,0,23,0.107490008,0.040778589,0.025790742,0.094151684,0.051952523,11.69876183,47.14483839,90.53636237,13.96682393,33.34775453
630,964,681,861,610,70,87,93,6,18,0.182461323,0.138300947,0.559283561,0.051668359,0.11016627,8.631966327,17.42576644,3.044073021,41.65992597,13.84271252
829,575,604,910,674,79,75,79,72,78,0.148636325,0.291587339,0.303241855,0.094667261,0.228487541,13.94342874,4.929912262,4.979523688,24.03153935,7.374581546
671,642,511,787,914,43,38,82,95,78,0.106679124,0.112659183,0.460380421,0.573400573,0.103628225,15.72472604,14.24650842,2.774879082,3.431283633,22.04997713
984,870,600,944,578,13,40,74,98,50,0.040764601,0.059736066,0.24149488,0.933007888,0.162454087,60.3464756,36.41016468,6.211311811,2.529453427,8.894820869
836,642,843,939,553,68,42,4,67,32,0.083590037,0.103679261,0.049982477,0.062046132,0.133303784,25.00297986,15.48043438,42.16477705,37.83475181,10.3710484
849,811,702,968,944,25,85,38,96,28,0.064145341,0.218784645,0.104508842,0.501556777,0.051387096,33.08891889,9.267103743,16.79283742,4.824977174,45.92592637
515,638,518,784,701,12,49,37,55,5,0.10472568,0.079344579,0.113859614,0.052567179,0.053386836,12.29402383,20.10219259,11.37365523,37.28562233,32.82644416
675,537,803,908,512,56,52,13,14,23,0.081745686,0.130001346,0.042062337,0.031795105,0.115832263,20.64329129,10.32681613,47.7267827,71.39463836,11.05046185
640,502,729,754,869,30,15,30,84,47,0.086364421,0.13862504,0.064725904,0.166839839,0.048897741,18.5261474,9.053198461,28.15719674,11.2982607,44.42945576
690,777,729,732,548,20,16,58,58,7,0.062983242,0.047989337,0.074663727,0.073951892,0.102463118,27.38823745,40.47774157,24.40944325,24.74581707,13.3706648
768,574,968,777,725,91,35,32,75,66,0.355400414,0.143321029,0.044598624,0.139591972,0.128396305,5.402357241,10.01248742,54.26176389,13.9155567,14.11644982
768,725,820,923,685,55,24,88,4,72,0.08583103,0.075822004,0.214924418,0.043604544,0.156674744,22.36953239,23.9046701,9.538236826,52.91879626,10.93028756
827,782,774,797,739,78,6,65,91,26,0.132196111,0.066302902,0.106714325,0.320679157,0.077780488,15.63964316,29.485889,18.13252343,6.213375446,23.75274361
854,663,712,542,642,16,77,50,93,0,0.042505744,0.160944587,0.077883295,0.750374598,0.079789851,50.22850506,10.29857561,22.85470841,1.805764752,20.11534013
937,665,547,606,654,79,61,65,25,41,0.086150112,0.119396994,0.199439232,0.103376194,0.096423917,27.19091078,13.9241361,6.856725165,14.65521157,16.95637398
566,847,994,815,845,5,38,96,43,93,0.144518212,0.067926681,0.459680062,0.077060032,0.394822341,9.791153547,31.17331741,5.405933839,26.44042502,5.35050776
635,683,952,622,519,72,72,28,47,57,0.164684342,0.139499478,0.037115035,0.110676765,0.187699304,9.639653531,12.24018919,64.12495667,14.04992274,6.912652178
785,715,874,756,615,19,38,60,29,43,0.054485046,0.073071708,0.058949551,0.061224812,0.106329737,36.01905765,24.46227191,37.06559176,30.86983744,14.45973676
686,946,923,708,826,92,87,66,86,49,0.639764895,0.196141885,0.09264021,0.354299205,0.090512887,2.68067225,12.05759797,24.90819046,4.995777507,22.81443091
697,858,613,519,536,37,93,2,84,70,0.077127199,0.270200977,0.092939735,0.407806725,0.223041454,22.59254857,7.938535309,16.48917986,3.18165425,6.007851806
613,571,804,690,854,44,30,2,47,67,0.100853773,0.10661637,0.048036221,0.079681301,0.065712478,15.19526695,13.38912592,41.84342454,21.64874302,32.49002417
904,522,890,705,853,6,10,37,60,62,0.040222981,0.132249173,0.045001248,0.098902528,0.065923932,56.18678589,9.867736542,49.44307271,17.82057588,32.3478887
581,705,619,509,721,62,71,39,39,93,0.156922518,0.123904765,0.102318876,0.156771196,0.414112021,9.256160391,14.22463456,15.1242865,8.116924766,4.35268697
621,610,543,816,900,98,57,92,18,58,2.244247337,0.14489252,0.789034852,0.056430544,0.06096353,0.691768672,10.52504295,1.720456322,36.15063533,36.90731169
720,626,997,896,780,96,70,79,27,9,0.925557492,0.201722722,0.092902564,0.053396244,0.069564012,1.944773842,7.758174116,26.82918413,41.9505166,28.03173581
710,740,636,816,621,7,90,31,2,78,0.063709163,0.259634236,0.085870628,0.047180397,0.194107393,27.86098456,7.125408534,18.51622652,43.23829706,7.998149778
501,731,740,571,638,89,83,22,76,32,0.610788755,0.173396224,0.061824752,0.228144985,0.089471292,2.050627145,10.53944519,29.92329029,6.256986094,17.82694717
853,936,659,648,910,84,76,97,86,48,0.203097229,0.11589675,1.778690626,0.424237791,0.071029539,10.49989707,20.19038505,0.926243146,3.818613129,32.02892831